Birth_Rate_per1000,Death_Rate_per1000,GDP_per_capita,Median_Age,Population
40.2,9.77,99691,58.99,6163981.7
27.01,6.12,60924,44.12,2807942.6
9.61,0.96,9764,41.1,2539596.7
23.42,4.13,50363,42.27,2845246.8
17.02,3.78,31546,52.78,4227147.1
29.77,8.46,69037,55.41,4537295.9
21.88,5.42,45840,32.49,1845623.6
11.32,4.09,14790,55.62,4660249.6
30.16,8.99,70180,55.86,5437761.2
38.07,10.34,93434,43.21,2630642.4
25.52,5.88,56539,49.57,3461865.8
28.62,6.51,65653,50.77,3798171.5
23.17,5.71,49632,64,7162732.3
22.66,5.26,48126,64.95,8186375.7
25.45,4.07,56341,43.98,3588212.8
18.23,4,35105,31.51,1932949.2
14.34,4.7,23670,53.27,4805152.3
14.81,3.98,25045,60.41,6055951.7
33.59,7.84,80265,58.16,5899750.4
33.88,8.08,81115,40.02,2450106
6.52,1.33,682,51.16,3569797.6
24.99,6.38,54982,59.74,7303201.4
34.18,8.07,81999,31.76,1740737.6
29.04,6.44,66890,42.31,2900111.4
13.13,5.16,20111,46.17,3183322
8.82,2.26,7441,40.42,2667115.7
33.75,8.12,80737,56.72,5309379.6
6.83,0.6,1594,30.27,1693375
11.77,3.59,16113,38.72,2501172.2
21.16,4.96,43715,19.39,1167862.3
35.71,9.53,86491,58.99,5888971.8
9.99,2.34,10880,46.15,3016682.3
33.36,7.41,79586,65.2,6831695.2
24.66,4.61,54016,49.95,4128691.6
19.27,5.23,38164,36.65,1957973.8
8.95,3.65,7826,37.02,2337524.8
18.33,3.97,35405,36.06,2005186.3
11.25,2.04,14585,55.77,5791279.4
28.39,7.42,64975,52.67,5232827.5
22.14,5.92,46603,31.65,1428536.8
11.2,3.54,14438,51.33,4345689.9
37.87,9.36,92848,52.68,4051281.4
24.55,8.16,53693,47.82,4028905.1
12.86,2.87,19314,44.41,2984955.2
40.09,7.78,99373,56.4,5615012.7
22.49,5.2,47629,40.38,2384776.8
16.09,5.25,28820,55.08,4768068.4
38.13,9.53,93609,15.75,970004.8
22.16,6.11,46665,59.37,5885099
36.15,8.36,87793,24.63,1306239.1
7.52,2.25,3618,40.35,2513172.8
35.66,8.31,86348,56,6120216.1
18.52,5.99,35959,28.07,1461027.7
14.17,2.95,23173,58.22,5406083.3
13.95,2.94,22516,45.77,3155612.7
28.88,7.65,66418,44.64,3363652.4
20,5.27,40311,40.7,2581821.6
22.09,5.21,46455,38.5,2432764.2
38.96,10.92,96050,44.62,3209516.6
7.08,1,2324,28.86,1628794.5
17.87,4.09,34046,67.74,9673010.5
39.71,9.46,98259,55.61,5254953
38.32,9.8,94178,51.73,3958612.1
16.77,5.78,30812,43.21,2575343.1
26.97,6.71,60805,64.61,8363782.3
39.13,10.05,96553,44.25,3309936.8
23.51,6.39,50629,37.5,2161053.2
20.37,4.85,41404,27.99,1107900.8
8.86,2.25,7551,53.3,4454648.5
27.68,8.58,62889,47.34,3457607.4
33.14,8.35,78939,55.27,4958775
14.66,3.6,24607,55.98,5003073.5
28.89,7.42,66448,48.31,3437009.8
23,5.16,49125,51.65,4699365.3
29.12,7.54,67124,56.95,5143483.2
7.53,1.44,3649,48.73,3186939.1
36.21,9.71,87968,46.62,3550235.2
12.27,3.01,17580,43.68,2727604
40.33,10.56,100083,68.53,8383765.7
30.57,8.1,71384,43.56,2794771.3
34.75,8.75,83674,56.14,5080630.7
6.59,-0.57,884,37.92,2085165.6
37.25,6.05,91028,48.83,4263774.4
12.55,3.56,18408,48.56,3715353.5
31.69,9.44,74668,56.43,4980228.3
12.68,3.83,18789,57.69,5738044.7
14.44,5.95,23962,42.76,3282476.7
24.14,5.12,52479,61.55,7905216.2
12.33,3.75,17764,33.22,1941494.4
16.61,4.17,30347,51.1,3967972.3
29.33,6.15,67737,30.88,1354181.4
20.48,5.71,41725,65.64,7694801.7
23.56,6.58,50775,51.18,5346582.8
31.42,6.95,73882,20.65,1031163.3
18.69,3.61,36455,61.5,6967741.5
39.08,8.22,96409,52.46,4429729.4
33.25,9.76,79266,65.94,8256078.6
27.78,7.5,63186,55.14,4752925.6
31.22,6.52,73298,41.24,2965708.7
14.66,3.89,24614,56.44,5185092.7
20.6,6.72,42076,47.33,3169585.5
40.05,10.36,99254,32.45,1663941.2
17.86,3.95,34020,29.84,1823372
25.95,6.55,57806,4.99,522906.6
23.88,6.14,51716,46.72,2798063.5
31.31,9.12,73567,37.55,2174382.1
15.48,5.34,27021,46.63,3145340.2
27.61,6.34,62681,41.17,2932035.3
31.99,7.48,75559,52.83,4193590
24.55,5.54,53692,15.74,846156.6
18.8,4.86,36779,61.59,7541087.4
34.39,7.91,82623,55.46,5314615.3
11.81,4.42,16228,53.48,4901125.4
6.6,1.82,914,44.12,3142587.1
8.57,1.23,6710,49.61,3057624.5
11.05,2.42,13992,19.51,965669.5
22.97,4.67,49042,48.33,3818983
15.91,3.89,28281,62.9,6247973.9
14.26,2.93,23430,38.52,2686828.5
40.83,10.34,101548,35.71,2311779.8
15.46,4.82,26968,50.13,4424942.5
34.43,8.6,82734,37,2262131.4
21.66,4.82,45191,29.58,1409386.7
16.68,4.33,30546,40.75,2515447.2
9.19,3.67,8529,67.98,9586050.4
20.48,6.2,41723,36.56,1910836.3
16.72,4.98,30672,44.04,3394775.5
10.56,4.53,12559,48.67,3300827.8
31.45,8.59,73971,56.19,5325487.5
32.49,6.36,77028,60.55,5721378.5
25.65,7.15,56923,47.16,3749711.3
38.83,10.49,95670,50.13,4145199.9
18.26,4.2,35195,52.31,4659243.6
14.23,4.28,23347,26.34,1507467.7
37.41,10.12,91497,52.77,5607865.4
38.17,8.66,93730,39.57,2642235.1
28.85,7.28,66329,49.85,4029692.4
30.97,8.71,72565,56.42,5355742.1
40.36,10.32,100168,49.09,4202703.6
28.94,7.59,66586,43.37,3157943.9
33.42,9.13,79765,47.33,3621853.3
26.27,6.92,58739,22.3,1321323.6
33.8,7.45,80883,54.23,5038896.2
26.92,8.45,60654,37.94,2270260.7
18.16,3.7,34903,26.16,1191475.1
16.34,4.51,29552,31.24,1751422.6
31.49,8.72,74087,41.44,2437910
26.25,5.07,58682,46.9,3446654.5
13.39,3.79,20876,49.03,3957809.7
30.7,8.07,71773,58.26,5019784.9
39.62,9.81,97992,69.47,9561815.7
16.75,3.18,30754,58.25,4818835.8
25.28,6.42,55832,54.75,4282460.9
25.62,6.8,56835,52.49,4089906
26.68,5.45,59953,62.37,6159201.2
33.77,6.86,80794,58.24,5924764.3
16.59,5.61,30279,61.33,6457764.5
28.02,6.43,63891,36.51,2208642.1
26.14,6.1,58359,41.98,2710994.5
38.49,11.29,94671,53.36,4647566.5
21.19,5.51,43806,64.04,9231071.6
6.79,3.08,1472,66.35,7964404.7
7.92,1.48,4796,36.05,2264114.9
14.77,2.66,24933,33.2,2011840.4
21.44,3.84,44541,44.61,2859662.4
30.3,9.54,70591,42.33,2771203.8
34.79,7.51,83798,50.15,4193076.4
14.39,3.24,23818,28.15,1661144
36.92,8.85,90047,63.49,7184359.6
18.13,6.25,34808,68.98,9130281.7
9.01,0.99,8001,61.92,5839915.5
17.97,4.13,34347,43.17,3298306.7
21.41,6.87,44455,35.98,2311908.6
10.99,2.05,13820,60.05,6222694.3
25.79,8.01,57330,50.99,4662867
20.33,4.92,41279,56.6,4606063.3
10.94,2.91,13676,54.1,4927549.8
37.93,7.69,93022,61.69,6839783.2
25.33,5.71,55985,42.31,2508127
35.03,9.84,84493,47.33,3912855.9
13.25,3.24,20469,54.21,5156353.9
7.82,2.87,4500,42.72,3168828.3
19.05,5.49,37519,27.58,1485756.9
8.18,-0.75,5559,39.68,2782924.9
8.35,1.32,6058,38.02,2355381.6
10.59,-0.2,12644,20.38,1022296.5
16.85,4.24,31048,43.11,3572237.5
13.55,2.19,21350,50.43,3576992.6
13.26,1.78,20490,70.69,10078131.6
37.05,8.69,90443,58.18,5505286.5
11.5,1.26,15316,44.69,3128813
7.6,1.32,3860,55.94,4796064.1
20.58,5.12,42018,39.24,2315448
31.48,8.35,74063,64.76,6691890.5
6.53,2.68,707,58.78,5718618
9.1,2.8,8268,53.99,4639376.8
22.06,5.17,46366,45.29,3524491.2
30.21,9.29,70324,47.34,3798435.1
12.55,3.14,18413,39.87,2235935.2
12.97,3.88,19638,42.3,2647954.7
40.72,11.1,101226,56.63,5390880.4
17.72,4.59,33609,59.42,5701558.5
21.94,4,46021,54.54,4839270.8
36.1,8.7,87646,52.13,3906554.4
14.2,3.5,23255,58.52,5992415.8
12.45,2.96,18113,50.04,4117997.4
9.52,2.2,9498,40.42,2521104
20.96,4.5,43132,58.14,4962676.8
35.42,10.15,85642,48.83,3623063.2
26.57,5.57,59623,32.76,1824821.3
20.65,6.37,42221,33.29,1962394.4
12.47,3.82,18168,49.52,4483215.2
19.96,7.42,40191,35.68,2448022.4
35.7,7.06,86471,31.24,1466525.1
6.71,2.53,1238,40.96,2383897.7
38.73,9.67,95377,70.84,9672394.5
13.84,3.51,22198,58.56,5759506.3
37.91,11.31,92964,34.65,1790408.2
10.56,0.83,12561,53.18,4216938.9
20.2,5.75,40899,31.68,1764269.1
31.1,6.82,72942,33.83,2251909.1
20.12,6.75,40662,50.45,4414475.4
29.72,8.3,68887,45.66,3717524.7
14.67,3.88,24639,42.55,2699499.3
10.87,4.53,13467,46.49,3042155.2
12.95,2.23,19582,62.22,6421395.3
31.61,5,74448,48.42,3559644.9
9.48,3.12,9382,53.12,4714615.4
38.85,7.06,95722,62.91,7474782.4
33.04,9.79,78648,53.05,5565521.4
12.47,3.83,18170,45.5,3322046.5
38.67,9.52,95199,60.67,5877049
10.25,2.86,11645,41.27,2625983.8
40.11,11.97,99433,49.65,3792325.8
31.37,8.04,73736,24.1,1308048
36.26,8.99,88117,41.75,3002172.9
32.16,8.51,76061,68.55,7533473.9
34.82,11.98,83873,44.05,3214932.6
9.37,0.36,9056,48.26,3682895.1
33.12,8.93,78881,67.3,7522743.3
18.3,6.34,35310,40.56,2679637.8
14.18,2.93,23202,54.19,4991044.5
27.56,7.43,62536,42.89,2737371.2
39.36,10.88,97228,45.77,3528221
33.2,8.48,79115,47.51,3494938.9
6.67,2.02,1121,54.93,5073857.3
11.49,1.66,15292,39.67,2882421.8
38.14,8.08,93644,48.57,3874448.4
16.3,3.61,29431,37.82,2125580.8
31,8.39,72651,52.63,4978023.9
35,9.13,84409,53.42,5012531.5
21.81,5.88,45634,56.47,5225814.2
28.12,7.01,64183,33.2,1942342.8
13.44,3.25,21026,31.64,1986543.3
16.94,4.34,31314,36.6,2075042.9
22.53,4.92,47752,26.6,1305293.5
17.54,4.05,33072,55.08,4753105.2
13.37,4.5,20821,63.71,6267597.7
26.01,6.51,57981,22.71,1122718.5
24.43,6.14,53338,44.32,2790421.2
12.29,2.42,17639,45.16,3091404.3
34.9,9.65,84113,20.75,1165775
36.16,9.18,87818,40.4,2537202.7
18.47,4.75,35815,31.64,1888777.8
19.03,5.23,37456,64.45,7460703
14.66,4.76,24610,48.14,3127623.5
27.07,7.15,61097,66.98,7397833.1
30.07,5.51,69919,61.32,5310870.1
22.85,3.36,48686,31.88,1640112.6
16.21,3.97,29170,43.23,2993474.8
14.11,4.71,22988,50.28,3656035.2
40.91,9.87,101790,58.6,6727934.1
14.08,1.84,22909,28.11,1308972.7
9.08,1.39,8204,49.33,4005480.7
36.65,10.78,89259,55.76,5335015.2
28.09,6.38,64100,52.63,4748923.3
35.93,8.64,87147,40.69,2993361.2
39.14,10.6,96585,63.37,7022971.8
15.72,6.54,27722,19.6,986409.5
33.38,8.84,79645,47.64,3508053.5
40.01,8.07,99135,38.77,2124257.2
37.9,10.07,92934,47.84,4045204.6
36.71,11.21,89436,56.03,5392036.4
24.64,5.95,53958,49.1,3361323.5
26.65,6.72,59860,34.38,1984999.5
19.4,4.91,38547,57.06,5500172.8
28.88,7.59,66415,48.74,3714708.5
32.28,8.33,76413,47.06,3334634.1
28.48,6.09,65245,61.51,6489819.7
24.22,6.52,52720,36.87,2257373.8
17.35,5.23,32518,48.96,3815292.9
38.1,9.25,93524,29.98,1570994.5
37.82,9.97,92700,56.71,5609439.8
20.82,4.68,42718,27.5,1576460.9
19.95,4.33,40157,50.79,4462106.6
13.63,1.99,21581,33.38,1954754.1
13.63,3.08,21581,53.71,5132175.8
10.65,4.66,12822,45.83,3160925.4
38.22,8.59,93882,46.46,3024760.2
27.19,6.38,61448,58.01,6012461.4
21.1,5.08,43546,46.01,3321710
25.15,6.22,55451,27.07,1643833.2
7.22,3.42,2739,23.13,1178743.7
18.55,4.41,36047,49.42,4389881.1
11.77,2.82,16114,37.74,2727747.6
35.73,8.21,86557,54.56,4530192.2
24.25,5.97,52803,47.55,4323875.3
35.64,8.98,86284,33.22,1857756.8
25.3,4.64,55893,30.62,1704432.7
8.13,1.61,5413,53.25,3866290.7
24.69,5.11,54097,59.68,7037870.6
13.5,1.26,21196,56.64,5130462
9.7,3.6,10029,50.13,4488749.3
15.77,3.84,27874,70.12,10191267.5
24.7,5.69,54125,74.64,11314440.1
29.18,5.72,67300,28.9,1381399.4
37.2,8.14,90881,22.91,1096048.5
30.63,6.96,71564,57.83,6026707.6
26.17,8.03,58446,56.45,5551337.8
8.43,0.19,6292,57.44,5510976.8
32.8,8.79,77948,55.32,5355735.1
36.85,8.95,89849,45.4,2957225
16.73,3.94,30698,43.11,2985433.4
30.71,7.84,71798,48.64,4004570.5
21.37,5.13,44339,39.69,2438118.3
31.61,7.35,74441,41.89,2862532
39.5,9.27,97642,61.06,7375232.6
36.11,10.08,87669,54.95,5713635.8
21.96,6.67,46071,35.52,2314444
27.62,6.15,62712,63.59,7117736.8
28.18,6.5,64361,45.29,2856945.2
34.52,8.85,82998,54.02,4606119.3
25.86,7.87,57534,57.54,5817615
28.63,6.8,65677,4.34,487435.1
35.42,10.23,85645,44.07,2985448.9
14.53,2.14,24227,39.68,2415828.2
34.33,8.57,82434,54.06,4330702.4
19.93,4.15,40101,32.73,1603251.4
15.68,3.22,27608,40.46,2291876.5
9.83,2.12,10409,44.71,3256838.7
26.78,6.9,60242,48.74,4401699.4
20.08,3.87,40548,41.3,2377202
28.04,7.61,63950,38.42,2466919
14.49,0.37,24113,45.55,3002525.9
30.58,7.01,71414,39.05,2931189.4
40.69,9.5,101136,44.09,2817591.1
27.37,7.4,61980,34.54,2277563.6
32.11,8.05,75914,55.36,5064395.2
10.13,1.93,11292,42.88,2681255.1
35.2,7.78,84998,36.51,2066653
18.68,5.09,36433,47.92,3755882
22.45,4.6,47509,42.38,2707680.9
10.27,2.51,11704,60.19,4995565.2
6.88,1.08,1737,47.87,3999840.4
8.28,3.13,5855,35.57,2148246.6
30.8,6.79,72060,43.01,2978291.9
27.34,5.13,61887,49.41,3637484.4
27.98,5.92,63775,47.54,3181243.7
15.91,3.04,28284,45.31,3034038.3
15.54,1.96,27197,56.58,5742228.3
23.6,5.73,50902,40.1,2501346.1
38.67,9.68,95198,45.59,3277269.9
39.09,9.77,96434,67.23,7078488.8
25.25,6.69,55744,55.11,5584346.5
22.83,5.1,48632,54.67,4524585.2
35.86,8.99,86942,41.41,2336102.5
27.36,7.17,61950,58.63,5726254
21.2,4.82,43840,48.11,3581828.9
25.38,7.14,56126,60.37,6202764.9
38.99,9.64,96139,57.28,5633655.7
37.48,7.85,91701,56.9,4830537.8
32.06,7.3,75764,42.63,3042759.3
25.97,5.52,57865,14.65,789941.9
10.81,2.88,13294,57.68,4861045.9
30.92,7.28,72419,33.81,1912774.2
40.08,10.65,99347,52.75,3687594
18.37,3.04,35516,54.24,5447131.1
33.2,7.65,79119,49.29,4480960.8
17.27,4.1,32286,50.04,4104313.7
8.32,2.95,5971,56.93,5304810.7
14.35,3.57,23703,58.01,5719271.8
30.84,9.54,72174,41.26,2482841.5
31.06,6.58,72823,41.95,2729206.5
34.72,6.46,83589,44.19,3047488.2
24.24,5.99,52774,49.43,4050858.9
35.62,8.7,86234,14.96,920270
20.81,6.66,42692,55.33,6059349.9
15.17,3.77,26107,47.39,3318413.6
20.78,5.95,42604,36.32,2117843.5
20.04,5.02,40428,50.07,3417687.2
40.88,11.33,101693,51.46,4542285.9
10.79,2.81,13231,54.83,4917560.5
36.77,8.71,89616,59.04,5318137.8
29.52,6.39,68303,43.3,3320128.7
22.03,3.8,46282,41.28,2190970.7
37.76,8.16,92526,61.13,7069484
18.26,4.17,35197,57.05,5085471.7
26.23,5.71,58626,69.04,8917769.9
35.36,9.44,85468,53.64,4048178.2
19.99,6.16,40281,47.67,3292073
21.83,6.1,45688,64.3,7436399.8
12.37,2.75,17878,50.01,4687281.6
12.28,3.36,17616,41.68,2813847.5
14.58,2.69,24375,17.17,821967.3
33.85,9.56,81029,29.04,1679981.7
34.92,7.96,84171,49.67,3994815.4
39.06,8.58,96349,45.6,3169060.7
25.45,3.92,56335,33.21,1833434
7.77,1.22,4355,39.29,2369719.5
7.75,0.26,4294,51.39,4134054.3
31.61,6.53,74444,45.93,3051448.2
37.89,10.2,92906,49.62,4393667.1
32.22,8.54,76233,45.78,2961148.7
26.16,7.4,58421,41.93,2692804.7
37.01,9.85,90322,37.21,2136505.9
22.53,4.14,47750,57.38,5787252.6
14.17,4.36,23173,52.46,4126790.5
31.97,6.73,75502,38.62,2046135.6
13.65,1.95,21636,40.13,2527712.4
17.41,5.96,32694,50.8,3925838.5
29.76,8.13,69000,61.21,6243027.2
10.27,3.17,11704,43.56,2962171
39.9,9.44,98812,44.86,2558685.2
8.15,2.28,5473,26.58,1337257.1
15.57,4.91,27287,45.11,2980153.3
20.78,5.49,42604,44.95,3179149.8
27.45,6.4,62215,29.59,1588480.7
30.61,7.88,71506,30.81,1943917.7
35.19,10.47,84971,42.9,2918727.6
24.31,5.16,52982,56.57,5183545.6
28.81,7.39,66214,45.23,3660922.9
6.75,1.94,1354,43.3,2599949
32.22,7.46,76238,50.92,3348128.7
27.14,7.11,61308,46.54,3750719.2
12.32,2.69,17733,58.85,7070267.6
25.6,7.54,56778,59.28,5345914.3
28.31,6.47,64734,37.33,2154195.6
12.46,2.89,18143,46.62,3686562.3
32.19,8.3,76144,44.93,3747928.6
17.77,4.98,33752,72.7,11865746.9
25.24,5.68,55713,27.22,1347864
18.63,5.94,36280,28.14,1632753.4
8.42,2.62,6265,48.31,3280802.6
7.62,0.24,3913,55.31,4502427.8
30.57,7.02,71387,54.96,4662944
22.42,5.18,47425,46.68,3518645
30.2,7.09,70300,42.75,2535072.3
9.02,2.68,8028,25.12,1414434.7
10.7,2.78,12970,43.36,3300305.5
11.91,3.36,16530,76.23,12274328.6
22,6.62,46191,40.76,2362363.7
39.9,10.36,98823,68.23,9464153.8
39.67,9.64,98140,39.76,2121932.3
12.25,2.76,17525,45.87,3467981
10.75,2.94,13115,37.74,2156746.5
8.28,3.65,5855,48.14,4487901.8
34.44,9.3,82761,52.71,4309725.7
23.75,4.63,51334,45.77,3145445.4
25.13,5.46,55388,49.04,3810556.4
8.52,1.9,6556,49.92,3942358.1
40.52,9.31,100644,47.5,2970358.6
31.67,9.14,74619,35.45,2254775.1
28.34,8.01,64831,42.77,2852950.2
25.82,5.71,57416,41.16,2643949.2
35.9,9.39,87059,52.41,3965980.6
36.89,8.44,89964,57.88,4825680.5
8.53,1.05,6585,55.15,4720344.3
34.56,8.23,83115,49.63,4135318.3
13.89,3.09,22346,14.99,967072.8
18.01,3.28,34461,48.95,3963073.4
27.94,6.38,63653,49.09,3905304.8
16.81,4.67,30931,42.03,2766756.6
26.08,5.59,58186,38.36,2411844.8
26.12,6.42,58304,38.88,2458069
39.18,11.25,96701,63.19,8514073.9
33.64,8.69,80410,44.05,3767281.4
24.42,4.29,53305,64.52,8148573.1
30.72,6.68,71829,48.16,3486183.5
7.21,1.62,2710,55.47,4686848.5
28.89,8.37,66447,63.05,7269843.6
36.37,9.41,88432,46.28,3454328.1
33.8,8.33,80883,50.08,4126491.8
15.49,3.15,27047,46.6,4114765.3
26.7,5.61,59999,21.32,1097146.2
18.21,2.99,35048,35.33,2170033.7
16.96,3.95,31371,40.56,2718456.4
38,9.35,93232,32.32,1608500.5
12.21,3.61,17403,43.64,2981120.9
22.15,6.26,46637,46.69,4019220.2
25.72,5.28,57125,56.04,4787519
22.02,5.94,46248,44.57,3461692.2
26.1,6.07,58242,49.9,4215394.8
24.18,7.46,52600,29.58,1558276.3
23.04,6.18,49252,38.22,2726843.2
20.28,4.91,41134,64.75,7838817.1
33.77,7.56,80794,42.23,2568917.1
8.3,2.53,5909,54.02,4809604.9
18.29,6.53,35285,42.85,2782720.9
34.24,5.84,82171,45.22,3178932
11.58,4.61,15559,43.22,2932451.6
26.8,7.35,60304,47.9,2987003.5
25.95,6.44,57805,43.71,3022038.2
34.88,8.61,84056,48.31,4121225.1
18.82,4.97,36841,31.96,1469536.9
16.69,4.97,30576,48.22,3677211.8
30.64,7.13,71588,62.27,6094466.2
20.72,3.53,42426,50.82,4388198.1
33.89,8.98,81146,56.39,5061211
29.84,6.01,69242,48.26,4031996
14.06,2.42,22845,39.57,2583774.2
6.77,1.99,1407,54.93,4910141.3
9.45,4.08,9290,56.8,5352344.9
22.62,5.39,48016,9.25,621429.6
9.42,0.66,9205,52.57,4601025.9
20.95,6.21,43103,41.75,2607630.6
31.43,6.09,73917,48.74,3855114.9
18.23,4.79,35102,54.67,5101189.2
15.54,2.57,27193,54.66,5082009.4
15.13,2.68,25989,57.02,6206435.8
32.91,6.25,78267,18.43,950029.9
16.54,3.53,30138,44.38,2794764.9
12.43,4.16,18057,49.25,4545278.2
26.73,4.83,60097,43.84,3095208.6
26.12,6.73,58301,24.02,1120911.7
30.84,9.15,72181,67.97,8196132.2
26.2,7.45,58538,54.19,5606162.7
34.18,8.75,82004,46.01,2776291.9
27.61,7.14,62682,47.04,3236184.9
8.16,0.66,5495,41.77,2954523.8
8.42,3.14,6260,56.15,5550034.9
10.73,2.04,13053,27.12,1632819
11.14,3.11,14263,61.19,6819956.7
36.29,8.14,88200,38.49,2536004.9
32.61,8.35,77382,64.07,8292640
33.7,7.66,80592,41.03,2819132.5
34.2,8.78,82061,50.13,4018136.9
28.62,8.5,65654,42.36,2478280
31.27,6.88,73443,38.51,2632395.5
40.43,10.34,100372,17.2,882689.8
24.23,7.16,52738,34.05,2150361.2
25.24,6.27,55714,52.72,4646180.7
19.4,3.51,38544,53.79,4114987.6
26.58,6.79,59654,60.09,5974204.2
32.98,8.47,78478,49.77,4265082.1
15.91,4.58,28283,52.86,4096998.3
24.07,6.85,52284,41.45,2734996
38.41,8.92,94433,57.08,5297325.7
28.98,8.83,66711,50.82,4145090
20.88,4.38,42899,47.26,3952710.3
25.92,4.35,57714,44.92,3668033.3
38.88,9.63,95819,46.01,3483887.6
39.15,10.94,96611,49.47,3539369.1
22.06,4.41,46365,28.14,1430234.4
11.87,2.55,16407,42.79,2409735.6
28.87,8.94,66384,57.2,5686877.6
21.11,3.69,43571,60.76,5564032.9
22.68,4.45,48189,48.75,4010324.5
24.33,7.84,53044,45.93,3091101.1
38.03,9.55,93319,41.12,2985724.4
34.48,9.85,82880,41.49,2974513.3
13.52,4.1,21259,52.15,4134656.8
24.31,7.35,52986,48.14,3608829.5
27.45,5.6,62210,50.69,4843950.7
29.22,8.6,67418,53.89,4537720.6
11.1,2.29,14144,66.53,7774404.4
38.42,8.79,94467,23.6,1404027.1
39.39,7.96,97323,59.95,5365763.8
9.9,3.46,10619,60.18,5060388.4
25.83,6.86,57454,45.39,3555307.2
13.14,0.55,20143,56.73,5443715.3
20.94,4.61,43071,55.35,4509525.6
30.62,8.72,71530,67.66,8035108.9
39.32,9.63,97111,53.37,4414256.2
14.46,2.77,24019,37.71,2492078.4
33.83,7.19,80974,38.04,2153044.9
12.65,4.39,18703,49.24,3744211.2
23.11,6.06,49454,46.05,3191356.1
26.83,6.65,60398,19.51,1068611.3
36.22,6.94,87996,50.26,4401583.9
19.23,4.33,38053,57.45,4588634
38.61,9.08,95027,37.73,2195867.4
33.74,8.33,80707,57.15,5341899.3
37.01,10.63,90320,47.36,3215212.5
20.35,4.38,41335,63.37,8444004.8
15.79,4.43,27927,54.88,5147950.5
17.84,3.55,33959,51.89,4093420.5
12.97,2.15,19639,47.85,3783242.9
10.31,3.58,11818,40.39,2260040.1
7.68,4.04,4090,28.77,1441130.2
37.54,9.9,91875,47.29,3525214.3
8.21,0.63,5648,35.13,1953963.4
12.07,2.75,16998,57.96,5815023.7
27.71,7.15,62971,44.96,3707847.7
32.66,9.46,77532,39.48,2378581.3
16.19,4.39,29106,51.41,3812871.7
37.62,9.34,92110,50.73,3752157.8
6.88,-0.04,1736,51.83,4134899.1
39.43,10.52,97436,67.41,9509157
31.27,7.7,73441,45.4,3105378.8
19.22,4.03,38015,58.11,5134007.2
8.91,2.26,7708,35.54,1796356.6
17.81,4.06,33869,51.53,3793475.9
6.87,1.96,1709,45.25,3350482.7
30.18,4.84,70238,52.22,4463863.3
37.33,9.2,91259,51.63,4102510.7
39.69,8.33,98198,42.36,3106849.2
12.82,3.28,19203,11.09,572383.6
10.7,4.01,12971,34.48,2053634.1
8.67,2.79,7002,13.74,842136.1
26.71,5.57,60037,60.47,7288781
23.22,6.3,49776,41.65,2787928.5
14.95,1.03,25463,29.38,1600784.2
7.3,2.29,2968,34.73,1908962.2
40.24,9.54,99818,58.37,7024610.1
16.74,5.68,30722,35.03,1900588.1
17.31,4.59,32399,43.86,3049889.5
20.86,3.4,42839,37.92,2433068.2
23.71,4.34,51216,32.82,1899496
34.01,9.76,81502,31,1684750.7
10.11,0.78,11238,55.55,5936120.3
40.89,9.69,101729,43.98,2855265.5
33.68,9.9,80529,43.76,2876333.1
24.2,7.84,52663,51.28,3964337.6
7.99,0.97,5001,48.24,3519626.5
10.93,4.16,13646,68.99,9730294.6
13.66,3.59,21668,50.38,3310290.2
12.16,2.12,17260,43.5,3056421.4
13.01,3.97,19761,44.39,2841030.8
39.07,9.52,96372,46.43,3021786.9
40.68,9.3,101110,63.47,7442906.5
28.96,9.57,66652,38.04,2453439.6
13.21,3.04,20345,22.63,1168449.8
6.87,0.48,1707,24.48,1384148.8
17.57,3.62,33172,50.44,4193656.4
25.52,7.1,56535,46.12,3142053.9
13.43,3.44,20991,51.67,4518814.1
20.7,5.68,42369,48.03,3629515.9
36.99,9.68,90263,59.17,5769781.7
35.43,8.08,85672,41.79,2808817.7
36.28,10.52,88175,36.36,2493822.2
18.43,2.54,35697,56.86,5764237.8
28.4,8.01,65009,54.81,5263184.8
18.83,3.94,36875,45.71,3066992
31.22,6.1,73293,44,2436942.3
30.33,6.61,70680,42.37,2708216.5
35.59,8.59,86144,53.32,3983187.8
35.92,9.74,87116,54,4797666.9
19.95,5.63,40164,45.16,3303359.6
15.52,3.92,27135,57.69,4573688.9
15.98,4.3,28492,50.77,3892040.4
24.51,5.91,53564,46.93,3245934.3
21.83,5.91,45695,59.84,5814128.8
23.1,6.05,49429,52.52,4350432.2
31.36,7.45,73708,50.5,4595584.1
37.39,11.71,91434,43.09,3215649.5
11.62,2.2,15677,42.99,3179447.9
34.84,7.84,83934,38.68,1934023.8
13.76,3.82,21965,57.29,5891355.7
21.1,3.97,43546,29.08,1528775.1
12.01,0.32,16816,64.75,8355178.9
30.92,9.29,72418,52.39,4682469
20.16,4.69,40783,21.95,1065528.6
15.43,1.89,26877,64.89,7801016
16.7,6.24,30609,60,6132651
40.06,11.39,99290,53.68,4404521.2
30.16,7.78,70178,41.1,2826860.5
9.12,1.7,8323,27.18,1323173.5
13.55,4,21346,59.38,5138629.2
15.96,2.34,28435,56.3,5153968
14.94,3.64,25438,43.25,2775647.2
29.48,7.9,68184,46.2,3224765.1
35.74,8.81,86584,45.7,3580014.4
25.01,7.99,55038,40.46,2339757.9
12.32,2.84,17731,68.1,7569377.7
17.63,4.79,33341,48.09,4514509.5
16.19,5.17,29110,53.55,5110732.2
12.8,4.9,19145,44.59,3634532.9
29.04,9.37,66881,39.46,2985450.6
37.88,9.39,92874,49.56,3575632.9
31.02,7.96,72710,43.39,2897804.2
12.73,3.42,18932,67.1,8610571.9
32.68,10.11,77590,50.66,4863506.9
19.02,6.48,37427,58.98,5310695.6
14.75,1.11,24877,44.65,3699392
11.2,3.21,14435,53.78,4519122.5
13.98,6.16,22611,39.27,2808843.1
37.72,9.36,92409,51.27,3851035.1
13.57,4.19,21407,54.94,4912350.7
15.01,5,25639,14.4,884212
9.19,1.79,8527,45.41,2964127.5
22.65,5.39,48103,30.65,1839123.7
10.94,1.25,13676,65.05,8627266.6
30.89,7.79,72326,35.15,1889450.7
31.17,7.91,73148,54.47,5878160.8
24.87,7.92,54626,46.49,3666982.6
32.08,6.11,75818,63.81,7553815
21.85,6.48,45756,30.97,1539257
25.11,6.25,55338,46.74,3802764.6
33.84,7.73,80998,54.92,5066675.3
6.82,1.24,1562,32.04,1763268.5
16.48,3.59,29958,51.55,4062959.5
35.87,10.3,86970,34.54,2094247.2
37.35,7,91320,46.4,3684288.4
22.77,6.04,48456,49.5,3735782.4
10.37,1.61,12001,48.45,3857033.5
35.18,9.62,84941,65.98,9021521.8
10.86,4.44,13446,22.46,1041886.6
24.16,4.92,52541,45.75,3431481.7
13.93,3.53,22464,43.96,3017092.5
28.7,7.19,65887,39.52,3037379
10.35,2.29,11934,37.61,2212563.2
22.31,7.4,47101,47.31,3770353.4
12.98,2.25,19671,18.64,967946.5
17.62,3.85,33309,20.59,1048725.5
40.93,11.82,101843,62.46,7569542.7
30.11,8.11,70032,54.23,4199058.6
33.56,9.94,80178,36.92,2302480.3
27.23,9.48,61564,40.53,2464516.5
24.28,5.55,52897,46.18,3916108.2
28.71,8,65916,44.04,3138344.3
37.06,10.53,90471,4.34,551316.4
11.8,1.94,16203,48.72,3743934.4
39.18,9.11,96705,21.77,926488.9
32.51,10.37,77092,60.63,6144900
33.49,7.45,79974,48.85,3905569.2
10.46,1.92,12258,42.16,2755929.9
13.57,2.24,21405,55.55,5438987.8
34.94,9.46,84232,51.64,4017159.4
31.02,6.32,72706,32.6,2034890.1
40.32,9.02,100050,32.05,2098367.4
22.5,5.89,47659,48.61,4007286.5
28.81,7.5,66208,16.23,799787.9
39.14,10.46,96583,45.57,3412917.8
24.76,7.27,54306,58.37,6066420.8
39.75,12.51,98370,36.67,2205609.1
18.83,6.24,36866,28.93,1372105.9
7.88,0.99,4675,5.5,548913.5
26.57,5.28,59627,51.05,4370073.8
26.84,7.56,60413,45.7,3167660.5
38.78,10.57,95522,43.08,3409795.8
21,3.37,43253,71.63,9353116.8
16.6,5.13,30310,52.53,4997448.7
24.39,5.48,53214,55.46,5238867.1
7.78,1.9,4383,54.47,5158038.4
13.1,2.39,20024,56.45,4916762.8
31.1,7.09,72946,46.7,3119940.7
14.83,4.12,25110,33.1,2061879.4
38.49,10.17,94674,42.59,3040529.7
23.93,6.88,51871,50.05,3916515.3
23.32,6.62,50071,55.97,5134000
8.06,1.81,5208,48.67,3936808.2
11.01,1.74,13877,63.88,7098662.5
40.05,12.3,99252,60.15,5945603
9.69,2.51,10003,47.67,3467125
28.98,6.66,66717,39.18,2493183.1
11.84,4.83,16316,58.6,5929436.4
13.69,3.67,21763,49.68,4378434
39.9,8.9,98818,56.58,4745273.7
37.24,9.72,90994,48.51,3485935.4
29.68,9.06,68771,66.02,8754626
20.93,6.43,43047,49.73,3745239.9
19.17,5.14,37874,63.7,8063922.3
36.92,9.05,90053,41.66,2512073.2
10.07,0.93,11114,51.8,4050336.4
16.63,2.75,30403,22.2,1166759.6
20.25,6.47,41047,50.04,3762383.2
39.14,9.89,96576,44.5,2858969.3
14.71,5.95,24758,49.2,4360570
13.75,3.99,21936,42.77,2699018.3
13.31,2.91,20644,58.48,5728660.7
23.21,4.96,49745,50.79,4589234.7
27.69,7.72,62921,27.82,1461896.9
25.82,7.15,57420,50.55,4431647.9
26.51,5.96,59449,44.55,3172230.9
34.04,8.5,81583,57.7,6103538.3
40.26,9.4,99880,53.78,5199679.7
20.8,2.83,42666,43.18,3156002
26.34,7.51,58949,52.85,3995652.2
22.02,3.03,46252,56.06,4648944.9
15.31,3.64,26516,35.12,2098601.8
6.76,1.57,1385,63.63,7828780.2
17.7,2.94,33548,38.93,2695000.1
21.43,5.05,44512,58.61,5959444.5
25.65,7.84,56919,51.48,4025500.5
24.27,5.39,52866,42.57,3526460.1
9.56,-0.22,9620,46.36,2976017.4
17.71,3.88,33576,67.16,7447572
10.53,3.21,12465,41.87,3235812.1
38.7,10.49,95285,43.13,3437314.8
28.12,7.49,64182,51.27,4087871.5
39.03,8.52,96259,47.3,3518519.3
20.96,3.78,43137,45.22,2653100
32.81,7.39,77971,63.06,6929659.3
12.4,3.1,17968,50.8,3789443.6
35.08,5.87,84645,35.85,2410191.8
38.38,8.95,94347,45.04,2399650.5
16.13,4.07,28932,51.62,4380547.9
8.41,1.85,6239,57.76,5301108.9
24.95,5.93,54856,58.86,7118174.5
27.89,7.3,63508,67.63,8850774
11.48,1.11,15261,43.9,3048802.9
22.87,6.73,48747,59.67,7127500.4
34.47,8.37,82851,48.68,3844118.9
12.27,1.35,17593,36.53,2214813.1
23.74,5.08,51308,41.84,2772457.2
24.11,7.31,52394,51.48,4426129
33.81,8.61,80912,29.07,1354828.9
26.95,5.69,60745,46.98,3629332.2
8.45,1.4,6353,47.59,3503872.6
23.48,5.08,50540,54.38,4938539.5
17.87,5.56,34049,41.04,2275776.6
38.85,9.01,95728,31.32,1591411.9
11.63,2.12,15701,63.69,7446538.1
26.31,4.96,58860,36.4,2501715.6
29.93,8.5,69503,43,2668759.1
38.99,8.02,96137,43.54,2967047.1
21.5,4.65,44720,56.12,4492317.4
10.72,1.4,13028,36.7,1838528.2
38.06,7.47,93403,47.19,3649764.9
11.66,2.91,15788,49.95,4239555.5
11.51,2.13,15348,22.27,1117022
17.53,5.18,33047,58.38,5519943.4
18.47,4.27,35811,46.34,3133491.5
14.77,4.1,24935,63.71,7080615.7
40.82,10.61,101527,35.23,1853229.6
23.22,6.2,49779,45.35,3509133.7
31.79,9.01,74977,43.18,2700027.1
20.24,4.61,41012,45.28,3622945.7
38.06,10.38,93406,30.29,1601588
40.11,9.74,99430,59.16,5609689.3
20.33,5.4,41283,64.68,7400355
12.67,2.65,18761,-12.62,269492.5
18.83,4.7,36876,34.19,1959388.6
8.66,3.07,6975,41.1,2698013
38.08,9.49,93467,54.02,4824430
10.55,2.59,12525,37.63,2203735.1
11.14,1.71,14262,53.51,4555563.9
15.57,3.39,27285,46.07,4112048.8
24.4,5.55,53245,42.17,3131011.5
24.35,7.47,53102,59.72,6857691.9
21.49,7.51,44693,53.92,5520842.4
14,3.39,22673,44.86,2727879.5
8.31,0.57,5942,48.15,3761388.9
37.45,9.09,91609,50.05,3757061
19.37,4.07,38457,48.41,3573428.3
37.45,10.35,91610,47.23,3620548.3
19.8,5.64,39716,50.59,3990797.5
25.84,6.07,57483,39.61,2570214
25.27,7.55,55807,38.44,2717925.3
31.66,8.68,74585,47.74,4035869.9
18.94,4.68,37188,35.25,1946912.9
23.17,6.67,49630,57.45,5122974.1
21.04,4.76,43369,36.09,2169202
19.11,3.58,37698,29.85,1662661.9
15.05,2.87,25762,40.81,2870091.1
9.06,3.06,8139,37.98,2205603.6
18.61,4.61,36222,75.08,13974144.6
23.28,8,49954,46.53,3982005.2
36.59,9.18,89088,32.1,1906074
18.73,5.66,36580,54.47,4842351.6
6.9,1.77,1793,52.17,5213296.9
37.51,9.55,91791,56.88,4733621.2
32.15,8.75,76029,37.65,2338613.6
39.9,10.32,98818,58.75,5737802.9
37.83,7.85,92733,49.43,3852545.6
17.15,4.77,31933,65.38,7480615.1
38.87,9.69,95783,46.66,3519375.3
35.84,7.96,86878,46.49,3726115.7
18.53,4.05,35988,57.03,5469379.6
30.36,6.56,70769,47.07,2867315.4
34.2,8.53,82056,45.95,3418375.8
32.76,9.18,77826,57.74,5930332.6
18.35,5.29,35457,52.88,4603180.6
10.72,2.43,13022,59.5,5202091.3
16.29,2.99,29401,16.94,903108.6
27.92,5.71,63595,56.82,5760646.4
38.38,8.14,94345,44.78,2924702.3
7.46,2.05,3440,35.31,2254933.1
37.5,8.72,91760,55.41,5388451.2
8.7,1.8,7086,40.69,2542005.9
19.08,3.92,37601,65.83,8775052.9
28.33,6.27,64798,39.6,2514605.1
20.36,6,41372,49,3466221.4
13.09,3.88,19996,42.96,3135096.4
29.62,8,68591,48.16,4141509.8
37.28,9.43,91115,29.41,1711680
23.01,5.03,49161,41.6,2593164.6
8.92,2.7,7731,71.2,10889665
19.91,3.84,40047,48.81,3545714.1
11.41,1.23,15055,60.65,6028792.5
20.85,4.76,42810,56.63,5483286.2
16.84,4.38,31018,54.02,5563896.3
12.17,4.95,17294,35.51,2178214.2
33.77,8.36,80794,41.91,3232941.5
8.56,2.21,6677,48.8,3855743.8
38.23,9.7,93911,41.47,2796438
14.86,1.91,25200,51.94,3845834.8
9.98,3.15,10856,61.03,7476675.8
17.72,3.9,33608,30.39,1707495.3
23.89,6.13,51748,46.94,3746598.3
25.48,4.33,56423,59.79,6480251.8
34.8,10.27,83825,37.46,2356276.8
9.83,2.93,10408,45.72,3268044.3
19.5,3.2,38841,58.69,5563930.7
12.49,2.25,18227,42.67,3422563.6
21.14,6.18,43662,52.8,4717729.9
36.97,8.41,90201,68.45,8378110.2
29.14,6.98,67179,60.5,6272313.3
32.63,9.33,77440,50.68,3542414.1
13.14,3.54,20143,58.68,5319566.3
9.32,1.55,8903,62.61,6146113.1
33.71,8.4,80624,53.1,4133512.4
26.26,6.82,58714,48.1,3006924.3
25.16,5.96,55485,53.83,4331139.5
20.47,5.47,41692,14.68,762252.8
12.45,4.78,18112,59.62,6447995.9
39.73,8.91,98319,38.55,2252113.6
16.07,3.69,28760,22.26,931977.9
20.69,5.75,42335,33.72,1693502.4
9.71,1.99,10061,46.41,3639550.6
25.22,6.04,55654,53.74,4592340.7
32.46,8.89,76945,55.62,5256621.8
38.11,8.59,93557,36.12,1980829.4
31.13,7.34,73032,56.01,4345260.3
12.2,2.79,17377,54.09,5722817.9
7.48,0.35,3507,48.4,4021954
22.48,7.39,47604,47.33,3807113.6
31.14,7.25,73059,38.12,2193757.6
27.93,6.84,63626,50.71,3605360
35.15,9.49,84852,51.68,4739520.6
30.39,8.03,70853,40.65,2588437.6
15.84,3.96,28082,57.38,5321023.6
24.87,6.55,54623,39.46,2564011.4
39.13,9.7,96553,49.26,4137994
15.61,4.45,27408,46.72,3919417.6
18.23,2.83,35109,43.11,2999956.9
16.99,2.93,31464,58.93,6292922.1
14.81,3.83,25052,25.73,1449862.2
13.35,0.77,20760,21.79,1194652.6
27.59,4.77,62629,58.74,5999981.5
13.08,3.69,19962,35.69,1992210.3
35.63,7.45,86260,41.76,3127778.5
23.5,4.83,50596,40.64,2307473.2
6.63,2.69,1004,40.01,1978394.6
25.09,7.35,55274,32.71,1859882
35.85,9.74,86909,22.79,1102304.6
39.36,7.38,97230,33.52,1688695.4
10.83,2.86,13347,56.92,5482876.1
33.56,9.46,80174,25.19,1180412.7
37.94,8.56,93053,54.21,5105220.4
24.5,6.36,53537,51.69,4274937.3
25.96,6.91,57828,50.28,3756307.8
9.79,1.22,10298,49.57,3617102.7
31.7,7.87,74708,62.33,6560285.9
13.68,4.8,21730,47.3,3241639.6
13.54,2.68,21319,46.2,3440020.5
29.16,4.63,67239,43.42,2940420.3
38.98,10.55,96110,62.97,6351293.4
7.36,2.27,3150,49.55,4570951.6
7.66,1.04,4032,57.89,5429471.5
9.95,2.59,10766,28.18,1451793.9
32.91,9.48,78267,51.34,4351990.2
28.17,7.92,64334,19.86,968654.6
32.37,8.25,76681,49.15,3637823.3
33.1,6.21,78822,41.54,2580796.7
31.04,8.04,72765,38.42,2407631.8
23.03,5.84,49219,50.06,4397036.3
23.43,5.53,50393,68.01,9744120.2
10.95,1.4,13704,60.93,6143157.3
8.17,0.27,5525,52.37,4340710.9
12.72,3.44,18907,53.23,4460672.5
12.56,4.08,18433,41.89,2698176.8
28.62,7.34,65650,13.26,670598.3
16.34,3.55,29547,66.11,8729985
15.13,2.3,25996,27.28,1461639.5
17.2,5.8,32077,50.61,4004530.4
34.6,8.22,83238,52,4184806.5
36.17,10.74,87848,26.56,1617689.5
30.07,8.66,69918,49.39,4648230.8
10.44,1.85,12207,60.59,7077198.9
21.42,4.37,44488,62.21,5712443.8
29.19,7.7,67324,42.27,2474005.7
25.4,4.76,56183,35.58,2173272.5
26.75,6.35,60149,28.43,1251255.8
27.76,6.25,63121,55.59,5319647.6
40.41,8.64,100322,49.68,4519037
19.36,4.83,38428,65.39,8585628.5
15.64,4.22,27489,32.34,1937765.9
36.14,10.75,87764,69.55,9288593.2
15.25,3.87,26344,38.53,2168056.7
32.31,8.19,76504,41.29,2344834.2
28.24,8.05,64537,45.12,3266885
39.29,10.65,97018,60.44,6642222.7
7.03,0.92,2178,38.27,3156395.4
7.33,2.09,3060,49.6,4103247.6
21.66,5.61,45196,37,2081187.5
29.5,6.42,68238,48.52,3504986.7
36.09,9.94,87612,33.96,1829012.5
18.98,4.23,37312,26.98,1329874.6
25.72,5.41,57126,51.15,4899617.8
